x,y,u
1.0487804878,-1.3452275349,0.0000089099
1.0487804878,-1.2762415075,0.0000178444
1.0487804878,-1.2072554801,0.0000268265
1.0487804878,-1.1382694526,0.0000358752
1.0487804878,-1.0692834252,0.0000450033
1.0487804878,-1.0002973978,0.0000542139
1.0487804878,-0.9313113703,0.0000634966
1.0487804878,-0.8623253429,0.0000728195
1.0487804878,-0.7933393155,0.0000821197
1.0487804878,-0.7243532880,0.0000912871
1.0487804878,-0.6553672606,0.0001001411
1.0487804878,-0.5863812332,0.0001084001
1.0487804878,-0.5173952057,0.0001156460
1.0487804878,-0.4484091783,0.0001212970
1.0487804878,-0.3794231509,0.0001246067
1.0487804878,-0.3104371234,0.0001246825
1.0487804878,-0.2414510960,0.0001203610
1.0487804878,-0.1724650686,0.0001058883
1.0487804878,-0.1034790411,0.0002019970
1.0487804878,-0.0344930137,0.0089533854
1.0487804878,0.0344930137,0.0089533854
1.0487804878,0.1034790411,0.0002019970
1.0487804878,0.1724650686,0.0001058883
1.0487804878,0.2414510960,0.0001203610
1.0487804878,0.3104371234,0.0001246825
1.0487804878,0.3794231509,0.0001246067
1.0487804878,0.4484091783,0.0001212970
1.0487804878,0.5173952057,0.0001156460
1.0487804878,0.5863812332,0.0001084001
1.0487804878,0.6553672606,0.0001001411
1.0487804878,0.7243532880,0.0000912871
1.0487804878,0.7933393155,0.0000821197
1.0487804878,0.8623253429,0.0000728195
1.0487804878,0.9313113703,0.0000634966
1.0487804878,1.0002973978,0.0000542139
1.0487804878,1.0692834252,0.0000450033
1.0487804878,1.1382694526,0.0000358752
1.0487804878,1.2072554801,0.0000268265
1.0487804878,1.2762415075,0.0000178444
1.0487804878,1.3452275349,0.0000089099
1.0975609756,-1.3452275349,0.0000178074
1.0975609756,-1.2762415075,0.0000356651
1.0975609756,-1.2072554801,0.0000536198
1.0975609756,-1.1382694526,0.0000717108
1.0975609756,-1.0692834252,0.0000899652
1.0975609756,-1.0002973978,0.0001083919
1.0975609756,-0.9313113703,0.0001269730
1.0975609756,-0.8623253429,0.0001456503
1.0975609756,-0.7933393155,0.0001643059
1.0975609756,-0.7243532880,0.0001827309
1.0975609756,-0.6553672606,0.0002005797
1.0975609756,-0.5863812332,0.0002173066
1.0975609756,-0.5173952057,0.0002320896
1.0975609756,-0.4484091783,0.0002437647
1.0975609756,-0.3794231509,0.0002508303
1.0975609756,-0.3104371234,0.0002515637
1.0975609756,-0.2414510960,0.0002457976
1.0975609756,-0.1724650686,0.0005558240
1.0975609756,-0.1034790411,0.0129733633
1.0975609756,-0.0344930137,0.0199029291
1.0975609756,0.0344930137,0.0199029291
1.0975609756,0.1034790411,0.0129733633
1.0975609756,0.1724650686,0.0005558240
1.0975609756,0.2414510960,0.0002457976
1.0975609756,0.3104371234,0.0002515637
1.0975609756,0.3794231509,0.0002508303
1.0975609756,0.4484091783,0.0002437647
1.0975609756,0.5173952057,0.0002320896
1.0975609756,0.5863812332,0.0002173066
1.0975609756,0.6553672606,0.0002005797
1.0975609756,0.7243532880,0.0001827309
1.0975609756,0.7933393155,0.0001643059
1.0975609756,0.8623253429,0.0001456503
1.0975609756,0.9313113703,0.0001269730
1.0975609756,1.0002973978,0.0001083919
1.0975609756,1.0692834252,0.0000899652
1.0975609756,1.1382694526,0.0000717108
1.0975609756,1.2072554801,0.0000536198
1.0975609756,1.2762415075,0.0000356651
1.0975609756,1.3452275349,0.0000178074
1.1463414634,-1.3452275349,0.0000266798
1.1463414634,-1.2762415075,0.0000534372
1.1463414634,-1.2072554801,0.0000803449
1.1463414634,-1.1382694526,0.0001074646
1.1463414634,-1.0692834252,0.0001348410
1.1463414634,-1.0002973978,0.0001624928
1.1463414634,-0.9313113703,0.0001904012
1.1463414634,-0.8623253429,0.0002184920
1.1463414634,-0.7933393155,0.0002466074
1.1463414634,-0.7243532880,0.0002744628
1.1463414634,-0.6553672606,0.0003015792
1.1463414634,-0.5863812332,0.0003271852
1.1463414634,-0.5173952057,0.0003500870
1.1463414634,-0.4484091783,0.0003685372
1.1463414634,-0.3794231509,0.0003802200
1.1463414634,-0.3104371234,0.0003816947
1.1463414634,-0.2414510960,0.0005286708
1.1463414634,-0.1724650686,0.0152890718
1.1463414634,-0.1034790411,0.0261091803
1.1463414634,-0.0344930137,0.0319377197
1.1463414634,0.0344930137,0.0319377197
1.1463414634,0.1034790411,0.0261091803
1.1463414634,0.1724650686,0.0152890718
1.1463414634,0.2414510960,0.0005286708
1.1463414634,0.3104371234,0.0003816947
1.1463414634,0.3794231509,0.0003802200
1.1463414634,0.4484091783,0.0003685372
1.1463414634,0.5173952057,0.0003500870
1.1463414634,0.5863812332,0.0003271852
1.1463414634,0.6553672606,0.0003015792
1.1463414634,0.7243532880,0.0002744628
1.1463414634,0.7933393155,0.0002466074
1.1463414634,0.8623253429,0.0002184920
1.1463414634,0.9313113703,0.0001904012
1.1463414634,1.0002973978,0.0001624928
1.1463414634,1.0692834252,0.0001348410
1.1463414634,1.1382694526,0.0001074646
1.1463414634,1.2072554801,0.0000803449
1.1463414634,1.2762415075,0.0000534372
1.1463414634,1.3452275349,0.0000266798
1.1951219512,-1.3452275349,0.0000355133
1.1951219512,-1.2762415075,0.0000711342
1.1951219512,-1.2072554801,0.0001069640
1.1951219512,-1.1382694526,0.0001430901
1.1951219512,-1.0692834252,0.0001795790
1.1951219512,-1.0002973978,0.0002164653
1.1951219512,-0.9313113703,0.0002537383
1.1951219512,-0.8623253429,0.0002913213
1.1951219512,-0.7933393155,0.0003290389
1.1951219512,-0.7243532880,0.0003665643
1.1951219512,-0.6553672606,0.0004033339
1.1951219512,-0.5863812332,0.0004384159
1.1951219512,-0.5173952057,0.0004703103
1.1951219512,-0.4484091783,0.0004966933
1.1951219512,-0.3794231509,0.0005147137
1.1951219512,-0.3104371234,0.0005492085
1.1951219512,-0.2414510960,0.0161653392
1.1951219512,-0.1724650686,0.0296129300
1.1951219512,-0.1034790411,0.0393612458
1.1951219512,-0.0344930137,0.0445072440
1.1951219512,0.0344930137,0.0445072440
1.1951219512,0.1034790411,0.0393612458
1.1951219512,0.1724650686,0.0296129300
1.1951219512,0.2414510960,0.0161653392
1.1951219512,0.3104371234,0.0005492085
1.1951219512,0.3794231509,0.0005147137
1.1951219512,0.4484091783,0.0004966933
1.1951219512,0.5173952057,0.0004703103
1.1951219512,0.5863812332,0.0004384159
1.1951219512,0.6553672606,0.0004033339
1.1951219512,0.7243532880,0.0003665643
1.1951219512,0.7933393155,0.0003290389
1.1951219512,0.8623253429,0.0002913213
1.1951219512,0.9313113703,0.0002537383
1.1951219512,1.0002973978,0.0002164653
1.1951219512,1.0692834252,0.0001795790
1.1951219512,1.1382694526,0.0001430901
1.1951219512,1.2072554801,0.0001069640
1.1951219512,1.2762415075,0.0000711342
1.1951219512,1.3452275349,0.0000355133
1.2439024390,-1.3452275349,0.0000442930
1.2439024390,-1.2762415075,0.0000887269
1.2439024390,-1.2072554801,0.0001334348
1.2439024390,-1.1382694526,0.0001785343
1.2439024390,-1.0692834252,0.0002241184
1.2439024390,-1.0002973978,0.0002702445
1.2439024390,-0.9313113703,0.0003169204
1.2439024390,-0.8623253429,0.0003640833
1.2439024390,-0.7933393155,0.0004115666
1.2439024390,-0.7243532880,0.0004590436
1.2439024390,-0.6553672606,0.0005059325
1.2439024390,-0.5863812332,0.0005512404
1.2439024390,-0.5173952057,0.0005932892
1.2439024390,-0.4484091783,0.0006290307
1.2439024390,-0.3794231509,0.0006505860
1.2439024390,-0.3104371234,0.0149912879
1.2439024390,-0.2414510960,0.0305067417
1.2439024390,-0.1724650686,0.0434068897
1.2439024390,-0.1034790411,0.0525349341
1.2439024390,-0.0344930137,0.0572702314
1.2439024390,0.0344930137,0.0572702314
1.2439024390,0.1034790411,0.0525349341
1.2439024390,0.1724650686,0.0434068897
1.2439024390,0.2414510960,0.0305067417
1.2439024390,0.3104371234,0.0149912879
1.2439024390,0.3794231509,0.0006505860
1.2439024390,0.4484091783,0.0006290307
1.2439024390,0.5173952057,0.0005932892
1.2439024390,0.5863812332,0.0005512404
1.2439024390,0.6553672606,0.0005059325
1.2439024390,0.7243532880,0.0004590436
1.2439024390,0.7933393155,0.0004115666
1.2439024390,0.8623253429,0.0003640833
1.2439024390,0.9313113703,0.0003169204
1.2439024390,1.0002973978,0.0002702445
1.2439024390,1.0692834252,0.0002241184
1.2439024390,1.1382694526,0.0001785343
1.2439024390,1.2072554801,0.0001334348
1.2439024390,1.2762415075,0.0000887269
1.2439024390,1.3452275349,0.0000442930
1.2926829268,-1.3452275349,0.0000530023
1.2926829268,-1.2762415075,0.0001061825
1.2926829268,-1.2072554801,0.0001597098
1.2926829268,-1.1382694526,0.0002137362
1.2926829268,-1.0692834252,0.0002683867
1.2926829268,-1.0002973978,0.0003237487
1.2926829268,-0.9313113703,0.0003798589
1.2926829268,-0.8623253429,0.0004366851
1.2926829268,-0.7933393155,0.0004940975
1.2926829268,-0.7243532880,0.0005518168
1.2926829268,-0.6553672606,0.0006093217
1.2926829268,-0.5863812332,0.0006656943
1.2926829268,-0.5173952057,0.0007194219
1.2926829268,-0.4484091783,0.0007684612
1.2926829268,-0.3794231509,0.0009379527
1.2926829268,-0.3104371234,0.0264664553
1.2926829268,-0.2414510960,0.0437762612
1.2926829268,-0.1724650686,0.0567073653
1.2926829268,-0.1034790411,0.0655254600
1.2926829268,-0.0344930137,0.0700213315
1.2926829268,0.0344930137,0.0700213315
1.2926829268,0.1034790411,0.0655254600
1.2926829268,0.1724650686,0.0567073653
1.2926829268,0.2414510960,0.0437762612
1.2926829268,0.3104371234,0.0264664553
1.2926829268,0.3794231509,0.0009379527
1.2926829268,0.4484091783,0.0007684612
1.2926829268,0.5173952057,0.0007194219
1.2926829268,0.5863812332,0.0006656943
1.2926829268,0.6553672606,0.0006093217
1.2926829268,0.7243532880,0.0005518168
1.2926829268,0.7933393155,0.0004940975
1.2926829268,0.8623253429,0.0004366851
1.2926829268,0.9313113703,0.0003798589
1.2926829268,1.0002973978,0.0003237487
1.2926829268,1.0692834252,0.0002683867
1.2926829268,1.1382694526,0.0002137362
1.2926829268,1.2072554801,0.0001597098
1.2926829268,1.2762415075,0.0001061825
1.2926829268,1.3452275349,0.0000530023
1.3414634146,-1.3452275349,0.0000616227
1.3414634146,-1.2762415075,0.0001234645
1.3414634146,-1.2072554801,0.0001857353
1.3414634146,-1.1382694526,0.0002486260
1.3414634146,-1.0692834252,0.0003122993
1.3414634146,-1.0002973978,0.0003768789
1.3414634146,-0.9313113703,0.0004424395
1.3414634146,-0.8623253429,0.0005089939
1.3414634146,-0.7933393155,0.0005764748
1.3414634146,-0.7243532880,0.0006446974
1.3414634146,-0.6553672606,0.0007132769
1.3414634146,-0.5863812332,0.0007814708
1.3414634146,-0.5173952057,0.0008478988
1.3414634146,-0.4484091783,0.0009093901
1.3414634146,-0.3794231509,0.0181145662
1.3414634146,-0.3104371234,0.0396714352
1.3414634146,-0.2414510960,0.0568555955
1.3414634146,-0.1724650686,0.0696848095
1.3414634146,-0.1034790411,0.0782975616
1.3414634146,-0.0344930137,0.0826408314
1.3414634146,0.0344930137,0.0826408314
1.3414634146,0.1034790411,0.0782975616
1.3414634146,0.1724650686,0.0696848095
1.3414634146,0.2414510960,0.0568555955
1.3414634146,0.3104371234,0.0396714352
1.3414634146,0.3794231509,0.0181145662
1.3414634146,0.4484091783,0.0009093901
1.3414634146,0.5173952057,0.0008478988
1.3414634146,0.5863812332,0.0007814708
1.3414634146,0.6553672606,0.0007132769
1.3414634146,0.7243532880,0.0006446974
1.3414634146,0.7933393155,0.0005764748
1.3414634146,0.8623253429,0.0005089939
1.3414634146,0.9313113703,0.0004424395
1.3414634146,1.0002973978,0.0003768789
1.3414634146,1.0692834252,0.0003122993
1.3414634146,1.1382694526,0.0002486260
1.3414634146,1.2072554801,0.0001857353
1.3414634146,1.2762415075,0.0001234645
1.3414634146,1.3452275349,0.0000616227
1.3902439024,-1.3452275349,0.0000701336
1.3902439024,-1.2762415075,0.0001405321
1.3902439024,-1.2072554801,0.0002114508
1.3902439024,-1.1382694526,0.0002831246
1.3902439024,-1.0692834252,0.0003557587
1.3902439024,-1.0002973978,0.0004295187
1.3902439024,-0.9313113703,0.0005045231
1.3902439024,-0.8623253429,0.0005808393
1.3902439024,-0.7933393155,0.0006584814
1.3902439024,-0.7243532880,0.0007373995
1.3902439024,-0.6553672606,0.0008174249
1.3902439024,-0.5863812332,0.0008981302
1.3902439024,-0.5173952057,0.0009788439
1.3902439024,-0.4484091783,0.0012751822
1.3902439024,-0.3794231509,0.0307357973
1.3902439024,-0.3104371234,0.0526832335
1.3902439024,-0.2414510960,0.0697328669
1.3902439024,-0.1724650686,0.0823909486
1.3902439024,-0.1034790411,0.0908248683
1.3902439024,-0.0344930137,0.0950524301
1.3902439024,0.0344930137,0.0950524301
1.3902439024,0.1034790411,0.0908248683
1.3902439024,0.1724650686,0.0823909486
1.3902439024,0.2414510960,0.0697328669
1.3902439024,0.3104371234,0.0526832335
1.3902439024,0.3794231509,0.0307357973
1.3902439024,0.4484091783,0.0012751822
1.3902439024,0.5173952057,0.0009788439
1.3902439024,0.5863812332,0.0008981302
1.3902439024,0.6553672606,0.0008174249
1.3902439024,0.7243532880,0.0007373995
1.3902439024,0.7933393155,0.0006584814
1.3902439024,0.8623253429,0.0005808393
1.3902439024,0.9313113703,0.0005045231
1.3902439024,1.0002973978,0.0004295187
1.3902439024,1.0692834252,0.0003557587
1.3902439024,1.1382694526,0.0002831246
1.3902439024,1.2072554801,0.0002114508
1.3902439024,1.2762415075,0.0001405321
1.3902439024,1.3452275349,0.0000701336
1.4390243902,-1.3452275349,0.0000785119
1.4390243902,-1.2762415075,0.0001573397
1.4390243902,-1.2072554801,0.0002367887
1.4390243902,-1.1382694526,0.0003171431
1.4390243902,-1.0692834252,0.0003986551
1.4390243902,-1.0002973978,0.0004815361
1.4390243902,-0.9313113703,0.0005659508
1.4390243902,-0.8623253429,0.0006520217
1.4390243902,-0.7933393155,0.0007398500
1.4390243902,-0.7243532880,0.0008295480
1.4390243902,-0.6553672606,0.0009212329
1.4390243902,-0.5863812332,0.0010147853
1.4390243902,-0.5173952057,0.0011072168
1.4390243902,-0.4484091783,0.0199765250
1.4390243902,-0.3794231509,0.0447340819
1.4390243902,-0.3104371234,0.0657643972
1.4390243902,-0.2414510960,0.0824263782
1.4390243902,-0.1724650686,0.0948296329
1.4390243902,-0.1034790411,0.1030758178
1.4390243902,-0.0344930137,0.1071982738
1.4390243902,0.0344930137,0.1071982738
1.4390243902,0.1034790411,0.1030758178
1.4390243902,0.1724650686,0.0948296329
1.4390243902,0.2414510960,0.0824263782
1.4390243902,0.3104371234,0.0657643972
1.4390243902,0.3794231509,0.0447340819
1.4390243902,0.4484091783,0.0199765250
1.4390243902,0.5173952057,0.0011072168
1.4390243902,0.5863812332,0.0010147853
1.4390243902,0.6553672606,0.0009212329
1.4390243902,0.7243532880,0.0008295480
1.4390243902,0.7933393155,0.0007398500
1.4390243902,0.8623253429,0.0006520217
1.4390243902,0.9313113703,0.0005659508
1.4390243902,1.0002973978,0.0004815361
1.4390243902,1.0692834252,0.0003986551
1.4390243902,1.1382694526,0.0003171431
1.4390243902,1.2072554801,0.0002367887
1.4390243902,1.2762415075,0.0001573397
1.4390243902,1.3452275349,0.0000785119
1.4878048780,-1.3452275349,0.0000867323
1.4878048780,-1.2762415075,0.0001738366
1.4878048780,-1.2072554801,0.0002616739
1.4878048780,-1.1382694526,0.0003505827
1.4878048780,-1.0692834252,0.0004408671
1.4878048780,-1.0002973978,0.0005327868
1.4878048780,-0.9313113703,0.0006265505
1.4878048780,-0.8623253429,0.0007223255
1.4878048780,-0.7933393155,0.0008202837
1.4878048780,-0.7243532880,0.0009207030
1.4878048780,-0.6553672606,0.0010241071
1.4878048780,-0.5863812332,0.0011320010
1.4878048780,-0.5173952057,0.0014608901
1.4878048780,-0.4484091783,0.0333542074
1.4878048780,-0.3794231509,0.0582164512
1.4878048780,-0.3104371234,0.0786501920
1.4878048780,-0.2414510960,0.0948697168
1.4878048780,-0.1724650686,0.1069673160
1.4878048780,-0.1034790411,0.1150090960
1.4878048780,-0.0344930137,0.1190258094
1.4878048780,0.0344930137,0.1190258094
1.4878048780,0.1034790411,0.1150090960
1.4878048780,0.1724650686,0.1069673160
1.4878048780,0.2414510960,0.0948697168
1.4878048780,0.3104371234,0.0786501920
1.4878048780,0.3794231509,0.0582164512
1.4878048780,0.4484091783,0.0333542074
1.4878048780,0.5173952057,0.0014608901
1.4878048780,0.5863812332,0.0011320010
1.4878048780,0.6553672606,0.0010241071
1.4878048780,0.7243532880,0.0009207030
1.4878048780,0.7933393155,0.0008202837
1.4878048780,0.8623253429,0.0007223255
1.4878048780,0.9313113703,0.0006265505
1.4878048780,1.0002973978,0.0005327868
1.4878048780,1.0692834252,0.0004408671
1.4878048780,1.1382694526,0.0003505827
1.4878048780,1.2072554801,0.0002616739
1.4878048780,1.2762415075,0.0001738366
1.4878048780,1.3452275349,0.0000867323
1.5365853659,-1.3452275349,0.0000947666
1.5365853659,-1.2762415075,0.0001899670
1.5365853659,-1.2072554801,0.0002860235
1.5365853659,-1.1382694526,0.0003833344
1.5365853659,-1.0692834252,0.0004822615
1.5365853659,-1.0002973978,0.0005831155
1.5365853659,-0.9313113703,0.0006861445
1.5365853659,-0.8623253429,0.0007915377
1.5365853659,-0.7933393155,0.0008994870
1.5365853659,-0.7243532880,0.0010103655
1.5365853659,-0.6553672606,0.0011247365
1.5365853659,-0.5863812332,0.0012378083
1.5365853659,-0.5173952057,0.0210611888
1.5365853659,-0.4484091783,0.0478678907
1.5365853659,-0.3794231509,0.0715335360
1.5365853659,-0.3104371234,0.0912635588
1.5365853659,-0.2414510960,0.1069944821
1.5365853659,-0.1724650686,0.1187533727
1.5365853659,-0.1034790411,0.1265753714
1.5365853659,-0.0344930137,0.1304821657
1.5365853659,0.0344930137,0.1304821657
1.5365853659,0.1034790411,0.1265753714
1.5365853659,0.1724650686,0.1187533727
1.5365853659,0.2414510960,0.1069944821
1.5365853659,0.3104371234,0.0912635588
1.5365853659,0.3794231509,0.0715335360
1.5365853659,0.4484091783,0.0478678907
1.5365853659,0.5173952057,0.0210611888
1.5365853659,0.5863812332,0.0012378083
1.5365853659,0.6553672606,0.0011247365
1.5365853659,0.7243532880,0.0010103655
1.5365853659,0.7933393155,0.0008994870
1.5365853659,0.8623253429,0.0007915377
1.5365853659,0.9313113703,0.0006861445
1.5365853659,1.0002973978,0.0005831155
1.5365853659,1.0692834252,0.0004822615
1.5365853659,1.1382694526,0.0003833344
1.5365853659,1.2072554801,0.0002860235
1.5365853659,1.2762415075,0.0001899670
1.5365853659,1.3452275349,0.0000947666
1.5853658537,-1.3452275349,0.0001025840
1.5853658537,-1.2762415075,0.0002056694
1.5853658537,-1.2072554801,0.0003097458
1.5853658537,-1.1382694526,0.0004152781
1.5853658537,-1.0692834252,0.0005226923
1.5853658537,-1.0002973978,0.0006323566
1.5853658537,-0.9313113703,0.0007445563
1.5853658537,-0.8623253429,0.0008594719
1.5853658537,-0.7933393155,0.0009772255
1.5853658537,-0.7243532880,0.0010982819
1.5853658537,-0.6553672606,0.0012260155
1.5853658537,-0.5863812332,0.0015105382
1.5853658537,-0.5173952057,0.0347902909
1.5853658537,-0.4484091783,0.0615725661
1.5853658537,-0.3794231509,0.0844388961
1.5853658537,-0.3104371234,0.1034969393
1.5853658537,-0.2414510960,0.1187257278
1.5853658537,-0.1724650686,0.1301283393
1.5853658537,-0.1034790411,0.1377197130
1.5853658537,-0.0344930137,0.1415123833
1.5853658537,0.0344930137,0.1415123833
1.5853658537,0.1034790411,0.1377197130
1.5853658537,0.1724650686,0.1301283393
1.5853658537,0.2414510960,0.1187257278
1.5853658537,0.3104371234,0.1034969393
1.5853658537,0.3794231509,0.0844388961
1.5853658537,0.4484091783,0.0615725661
1.5853658537,0.5173952057,0.0347902909
1.5853658537,0.5863812332,0.0015105382
1.5853658537,0.6553672606,0.0012260155
1.5853658537,0.7243532880,0.0010982819
1.5853658537,0.7933393155,0.0009772255
1.5853658537,0.8623253429,0.0008594719
1.5853658537,0.9313113703,0.0007445563
1.5853658537,1.0002973978,0.0006323566
1.5853658537,1.0692834252,0.0005226923
1.5853658537,1.1382694526,0.0004152781
1.5853658537,1.2072554801,0.0003097458
1.5853658537,1.2762415075,0.0002056694
1.5853658537,1.3452275349,0.0001025840
1.6341463415,-1.3452275349,0.0001101507
1.6341463415,-1.2762415075,0.0002208764
1.6341463415,-1.2072554801,0.0003327401
1.6341463415,-1.1382694526,0.0004462809
1.6341463415,-1.0692834252,0.0005619982
1.6341463415,-1.0002973978,0.0006803300
1.6341463415,-0.9313113703,0.0008016103
1.6341463415,-0.8623253429,0.0009259871
1.6341463415,-0.7933393155,0.0010533126
1.6341463415,-0.7243532880,0.0011828597
1.6341463415,-0.6553672606,0.0013048429
1.6341463415,-0.5863812332,0.0213917716
1.6341463415,-0.5173952057,0.0493885956
1.6341463415,-0.4484091783,0.0748556783
1.6341463415,-0.3794231509,0.0968688636
1.6341463415,-0.3104371234,0.1152654113
1.6341463415,-0.2414510960,0.1299905259
1.6341463415,-0.1724650686,0.1410293889
1.6341463415,-0.1034790411,0.1483838702
1.6341463415,-0.0344930137,0.1520594000
1.6341463415,0.0344930137,0.1520594000
1.6341463415,0.1034790411,0.1483838702
1.6341463415,0.1724650686,0.1410293889
1.6341463415,0.2414510960,0.1299905259
1.6341463415,0.3104371234,0.1152654113
1.6341463415,0.3794231509,0.0968688636
1.6341463415,0.4484091783,0.0748556783
1.6341463415,0.5173952057,0.0493885956
1.6341463415,0.5863812332,0.0213917716
1.6341463415,0.6553672606,0.0013048429
1.6341463415,0.7243532880,0.0011828597
1.6341463415,0.7933393155,0.0010533126
1.6341463415,0.8623253429,0.0009259871
1.6341463415,0.9313113703,0.0008016103
1.6341463415,1.0002973978,0.0006803300
1.6341463415,1.0692834252,0.0005619982
1.6341463415,1.1382694526,0.0004462809
1.6341463415,1.2072554801,0.0003327401
1.6341463415,1.2762415075,0.0002208764
1.6341463415,1.3452275349,0.0001101507
1.6829268293,-1.3452275349,0.0001174300
1.6829268293,-1.2762415075,0.0002355143
1.6829268293,-1.2072554801,0.0003548960
1.6829268293,-1.1382694526,0.0004761954
1.6829268293,-1.0692834252,0.0005999968
1.6829268293,-1.0002973978,0.0007268291
1.6829268293,-0.9313113703,0.0008571159
1.6829268293,-0.8623253429,0.0009910280
1.6829268293,-0.7933393155,0.0011282889
1.6829268293,-0.7243532880,0.0012712194
1.6829268293,-0.6553672606,0.0014903177
1.6829268293,-0.5863812332,0.0349385213
1.6829268293,-0.5173952057,0.0628722350
1.6829268293,-0.4484091783,0.0874862032
1.6829268293,-0.3794231509,0.1087276139
1.6829268293,-0.3104371234,0.1264900638
1.6829268293,-0.2414510960,0.1407189139
1.6829268293,-0.1724650686,0.1513930932
1.6829268293,-0.1034790411,0.1585079674
1.6829268293,-0.0344930137,0.1620646456
1.6829268293,0.0344930137,0.1620646456
1.6829268293,0.1034790411,0.1585079674
1.6829268293,0.1724650686,0.1513930932
1.6829268293,0.2414510960,0.1407189139
1.6829268293,0.3104371234,0.1264900638
1.6829268293,0.3794231509,0.1087276139
1.6829268293,0.4484091783,0.0874862032
1.6829268293,0.5173952057,0.0628722350
1.6829268293,0.5863812332,0.0349385213
1.6829268293,0.6553672606,0.0014903177
1.6829268293,0.7243532880,0.0012712194
1.6829268293,0.7933393155,0.0011282889
1.6829268293,0.8623253429,0.0009910280
1.6829268293,0.9313113703,0.0008571159
1.6829268293,1.0002973978,0.0007268291
1.6829268293,1.0692834252,0.0005999968
1.6829268293,1.1382694526,0.0004761954
1.6829268293,1.2072554801,0.0003548960
1.6829268293,1.2762415075,0.0002355143
1.6829268293,1.3452275349,0.0001174300
1.7317073171,-1.3452275349,0.0001243821
1.7317073171,-1.2762415075,0.0002495035
1.7317073171,-1.2072554801,0.0003760930
1.7317073171,-1.1382694526,0.0005048588
1.7317073171,-1.0692834252,0.0006364801
1.7317073171,-1.0002973978,0.0007716010
1.7317073171,-0.9313113703,0.0009108089
1.7317073171,-0.8623253429,0.0010543945
1.7317073171,-0.7933393155,0.0012004304
1.7317073171,-0.7243532880,0.0013306542
1.7317073171,-0.6553672606,0.0203827679
1.7317073171,-0.5863812332,0.0488629800
1.7317073171,-0.5173952057,0.0756362112
1.7317073171,-0.4484091783,0.0994234708
1.7317073171,-0.3794231509,0.1199463086
1.7317073171,-0.3104371234,0.1371019803
1.7317073171,-0.2414510960,0.1508451013
1.7317073171,-0.1724650686,0.1611569142
1.7317073171,-0.1034790411,0.1680316265
1.7317073171,-0.0344930137,0.1714686943
1.7317073171,0.0344930137,0.1714686943
1.7317073171,0.1034790411,0.1680316265
1.7317073171,0.1724650686,0.1611569142
1.7317073171,0.2414510960,0.1508451013
1.7317073171,0.3104371234,0.1371019803
1.7317073171,0.3794231509,0.1199463086
1.7317073171,0.4484091783,0.0994234708
1.7317073171,0.5173952057,0.0756362112
1.7317073171,0.5863812332,0.0488629800
1.7317073171,0.6553672606,0.0203827679
1.7317073171,0.7243532880,0.0013306542
1.7317073171,0.7933393155,0.0012004304
1.7317073171,0.8623253429,0.0010543945
1.7317073171,0.9313113703,0.0009108089
1.7317073171,1.0002973978,0.0007716010
1.7317073171,1.0692834252,0.0006364801
1.7317073171,1.1382694526,0.0005048588
1.7317073171,1.2072554801,0.0003760930
1.7317073171,1.2762415075,0.0002495035
1.7317073171,1.3452275349,0.0001243821
1.7804878049,-1.3452275349,0.0001309646
1.7804878049,-1.2762415075,0.0002627586
1.7804878049,-1.2072554801,0.0003962018
1.7804878049,-1.1382694526,0.0005320945
1.7804878049,-1.0692834252,0.0006712134
1.7804878049,-1.0002973978,0.0008143294
1.7804878049,-0.9313113703,0.0009623130
1.7804878049,-0.8623253429,0.0011165359
1.7804878049,-0.7933393155,0.0012804780
1.7804878049,-0.7243532880,0.0014689878
1.7804878049,-0.6553672606,0.0321816329
1.7804878049,-0.5863812332,0.0612613932
1.7804878049,-0.5173952057,0.0875136372
1.7804878049,-0.4484091783,0.1106134134
1.7804878049,-0.3794231509,0.1304690504
1.7804878049,-0.3104371234,0.1470406360
1.7804878049,-0.2414510960,0.1603074068
1.7804878049,-0.1724650686,0.1702597494
1.7804878049,-0.1034790411,0.1768945718
1.7804878049,-0.0344930137,0.1802117409
1.7804878049,0.0344930137,0.1802117409
1.7804878049,0.1034790411,0.1768945718
1.7804878049,0.1724650686,0.1702597494
1.7804878049,0.2414510960,0.1603074068
1.7804878049,0.3104371234,0.1470406360
1.7804878049,0.3794231509,0.1304690504
1.7804878049,0.4484091783,0.1106134134
1.7804878049,0.5173952057,0.0875136372
1.7804878049,0.5863812332,0.0612613932
1.7804878049,0.6553672606,0.0321816329
1.7804878049,0.7243532880,0.0014689878
1.7804878049,0.7933393155,0.0012804780
1.7804878049,0.8623253429,0.0011165359
1.7804878049,0.9313113703,0.0009623130
1.7804878049,1.0002973978,0.0008143294
1.7804878049,1.0692834252,0.0006712134
1.7804878049,1.1382694526,0.0005320945
1.7804878049,1.2072554801,0.0003962018
1.7804878049,1.2762415075,0.0002627586
1.7804878049,1.3452275349,0.0001309646
1.8292682927,-1.3452275349,0.0001371323
1.8292682927,-1.2762415075,0.0002751892
1.8292682927,-1.2072554801,0.0004150858
1.8292682927,-1.1382694526,0.0005577172
1.8292682927,-1.0692834252,0.0007039483
1.8292682927,-1.0002973978,0.0008546239
1.8292682927,-0.9313113703,0.0010106975
1.8292682927,-0.8623253429,0.0011738178
1.8292682927,-0.7933393155,0.0013482416
1.8292682927,-0.7243532880,0.0022461615
1.8292682927,-0.6553672606,0.0424174043
1.8292682927,-0.5863812332,0.0726940286
1.8292682927,-0.5173952057,0.0985877610
1.8292682927,-0.4484091783,0.1210458897
1.8292682927,-0.3794231509,0.1402542818
1.8292682927,-0.3104371234,0.1562521632
1.8292682927,-0.2414510960,0.1690473905
1.8292682927,-0.1724650686,0.1786418086
1.8292682927,-0.1034790411,0.1850368079
1.8292682927,-0.0344930137,0.1882338361
1.8292682927,0.0344930137,0.1882338361
1.8292682927,0.1034790411,0.1850368079
1.8292682927,0.1724650686,0.1786418086
1.8292682927,0.2414510960,0.1690473905
1.8292682927,0.3104371234,0.1562521632
1.8292682927,0.3794231509,0.1402542818
1.8292682927,0.4484091783,0.1210458897
1.8292682927,0.5173952057,0.0985877610
1.8292682927,0.5863812332,0.0726940286
1.8292682927,0.6553672606,0.0424174043
1.8292682927,0.7243532880,0.0022461615
1.8292682927,0.7933393155,0.0013482416
1.8292682927,0.8623253429,0.0011738178
1.8292682927,0.9313113703,0.0010106975
1.8292682927,1.0002973978,0.0008546239
1.8292682927,1.0692834252,0.0007039483
1.8292682927,1.1382694526,0.0005577172
1.8292682927,1.2072554801,0.0004150858
1.8292682927,1.2762415075,0.0002751892
1.8292682927,1.3452275349,0.0001371323
1.8780487805,-1.3452275349,0.0001428378
1.8780487805,-1.2762415075,0.0002867000
1.8780487805,-1.2072554801,0.0004326024
1.8780487805,-1.1382694526,0.0005815399
1.8780487805,-1.0692834252,0.0007344611
1.8780487805,-1.0002973978,0.0008922193
1.8780487805,-0.9313113703,0.0010555586
1.8780487805,-0.8623253429,0.0012254480
1.8780487805,-0.7933393155,0.0013998910
1.8780487805,-0.7243532880,0.0232112372
1.8780487805,-0.6553672606,0.0552209491
1.8780487805,-0.5863812332,0.0839385738
1.8780487805,-0.5173952057,0.1090001508
1.8780487805,-0.4484091783,0.1307236982
1.8780487805,-0.3794231509,0.1492652325
1.8780487805,-0.3104371234,0.1646854814
1.8780487805,-0.2414510960,0.1770082427
1.8780487805,-0.1724650686,0.1862440414
1.8780487805,-0.1034790411,0.1923984935
1.8780487805,-0.0344930137,0.1954749093
1.8780487805,0.0344930137,0.1954749093
1.8780487805,0.1034790411,0.1923984935
1.8780487805,0.1724650686,0.1862440414
1.8780487805,0.2414510960,0.1770082427
1.8780487805,0.3104371234,0.1646854814
1.8780487805,0.3794231509,0.1492652325
1.8780487805,0.4484091783,0.1307236982
1.8780487805,0.5173952057,0.1090001508
1.8780487805,0.5863812332,0.0839385738
1.8780487805,0.6553672606,0.0552209491
1.8780487805,0.7243532880,0.0232112372
1.8780487805,0.7933393155,0.0013998910
1.8780487805,0.8623253429,0.0012254480
1.8780487805,0.9313113703,0.0010555586
1.8780487805,1.0002973978,0.0008922193
1.8780487805,1.0692834252,0.0007344611
1.8780487805,1.1382694526,0.0005815399
1.8780487805,1.2072554801,0.0004326024
1.8780487805,1.2762415075,0.0002867000
1.8780487805,1.3452275349,0.0001428378
1.9268292683,-1.3452275349,0.0001480310
1.9268292683,-1.2762415075,0.0002971906
1.9268292683,-1.2072554801,0.0004486015
1.9268292683,-1.1382694526,0.0006033707
1.9268292683,-1.0692834252,0.0007625553
1.9268292683,-1.0002973978,0.0009270243
1.9268292683,-0.9313113703,0.0010971446
1.9268292683,-0.8623253429,0.0012748013
1.9268292683,-0.7933393155,0.0016385303
1.9268292683,-0.7243532880,0.0366975942
1.9268292683,-0.6553672606,0.0672910013
1.9268292683,-0.5863812332,0.0946316070
1.9268292683,-0.5173952057,0.1187020194
1.9268292683,-0.4484091783,0.1396129771
1.9268292683,-0.3794231509,0.1574572901
1.9268292683,-0.3104371234,0.1722880075
1.9268292683,-0.2414510960,0.1841330401
1.9268292683,-0.1724650686,0.1930074114
1.9268292683,-0.1034790411,0.1989196614
1.9268292683,-0.0344930137,0.2018746545
1.9268292683,0.0344930137,0.2018746545
1.9268292683,0.1034790411,0.1989196614
1.9268292683,0.1724650686,0.1930074114
1.9268292683,0.2414510960,0.1841330401
1.9268292683,0.3104371234,0.1722880075
1.9268292683,0.3794231509,0.1574572901
1.9268292683,0.4484091783,0.1396129771
1.9268292683,0.5173952057,0.1187020194
1.9268292683,0.5863812332,0.0946316070
1.9268292683,0.6553672606,0.0672910013
1.9268292683,0.7243532880,0.0366975942
1.9268292683,0.7933393155,0.0016385303
1.9268292683,0.8623253429,0.0012748013
1.9268292683,0.9313113703,0.0010971446
1.9268292683,1.0002973978,0.0009270243
1.9268292683,1.0692834252,0.0007625553
1.9268292683,1.1382694526,0.0006033707
1.9268292683,1.2072554801,0.0004486015
1.9268292683,1.2762415075,0.0002971906
1.9268292683,1.3452275349,0.0001480310
1.9756097561,-1.3452275349,0.0001526599
1.9756097561,-1.2762415075,0.0003065557
1.9756097561,-1.2072554801,0.0004629216
1.9756097561,-1.1382694526,0.0006229937
1.9756097561,-1.0692834252,0.0007880074
1.9756097561,-1.0002973978,0.0009590035
1.9756097561,-0.9313113703,0.0011349625
1.9756097561,-0.8623253429,0.0012974098
1.9756097561,-0.7933393155,0.0205535688
1.9756097561,-0.7243532880,0.0500372437
1.9756097561,-0.6553672606,0.0786079183
1.9756097561,-0.5863812332,0.1045802008
1.9756097561,-0.5173952057,0.1276040794
1.9756097561,-0.4484091783,0.1476560425
1.9756097561,-0.3794231509,0.1647766094
1.9756097561,-0.3104371234,0.1790038400
1.9756097561,-0.2414510960,0.1903636323
1.9756097561,-0.1724650686,0.1988723061
1.9756097561,-0.1034790411,0.2045399217
1.9756097561,-0.0344930137,0.2073723601
1.9756097561,0.0344930137,0.2073723601
1.9756097561,0.1034790411,0.2045399217
1.9756097561,0.1724650686,0.1988723061
1.9756097561,0.2414510960,0.1903636323
1.9756097561,0.3104371234,0.1790038400
1.9756097561,0.3794231509,0.1647766094
1.9756097561,0.4484091783,0.1476560425
1.9756097561,0.5173952057,0.1276040794
1.9756097561,0.5863812332,0.1045802008
1.9756097561,0.6553672606,0.0786079183
1.9756097561,0.7243532880,0.0500372437
1.9756097561,0.7933393155,0.0205535688
1.9756097561,0.8623253429,0.0012974098
1.9756097561,0.9313113703,0.0011349625
1.9756097561,1.0002973978,0.0009590035
1.9756097561,1.0692834252,0.0007880074
1.9756097561,1.1382694526,0.0006229937
1.9756097561,1.2072554801,0.0004629216
1.9756097561,1.2762415075,0.0003065557
1.9756097561,1.3452275349,0.0001526599
2.0243902439,-1.3452275349,0.0001566708
2.0243902439,-1.2762415075,0.0003146857
2.0243902439,-1.2072554801,0.0004753884
2.0243902439,-1.1382694526,0.0006401460
2.0243902439,-1.0692834252,0.0008104683
2.0243902439,-1.0002973978,0.0009885013
2.0243902439,-0.9313113703,0.0011795361
2.0243902439,-0.8623253429,0.0014099535
2.0243902439,-0.7933393155,0.0319753134
2.0243902439,-0.7243532880,0.0614538572
2.0243902439,-0.6553672606,0.0888444954
2.0243902439,-0.5863812332,0.1136234605
2.0243902439,-0.5173952057,0.1356125612
2.0243902439,-0.4484091783,0.1547852700
2.0243902439,-0.3794231509,0.1711630607
2.0243902439,-0.3104371234,0.1847738558
2.0243902439,-0.2414510960,0.1956402476
2.0243902439,-0.1724650686,0.2037781940
2.0243902439,-0.1034790411,0.2091982346
2.0243902439,-0.0344930137,0.2119067490
2.0243902439,0.0344930137,0.2119067490
2.0243902439,0.1034790411,0.2091982346
2.0243902439,0.1724650686,0.2037781940
2.0243902439,0.2414510960,0.1956402476
2.0243902439,0.3104371234,0.1847738558
2.0243902439,0.3794231509,0.1711630607
2.0243902439,0.4484091783,0.1547852700
2.0243902439,0.5173952057,0.1356125612
2.0243902439,0.5863812332,0.1136234605
2.0243902439,0.6553672606,0.0888444954
2.0243902439,0.7243532880,0.0614538572
2.0243902439,0.7933393155,0.0319753134
2.0243902439,0.8623253429,0.0014099535
2.0243902439,0.9313113703,0.0011795361
2.0243902439,1.0002973978,0.0009885013
2.0243902439,1.0692834252,0.0008104683
2.0243902439,1.1382694526,0.0006401460
2.0243902439,1.2072554801,0.0004753884
2.0243902439,1.2762415075,0.0003146857
2.0243902439,1.3452275349,0.0001566708
2.0731707317,-1.3452275349,0.0001600096
2.0731707317,-1.2762415075,0.0003214717
2.0731707317,-1.2072554801,0.0004858278
2.0731707317,-1.1382694526,0.0006545160
2.0731707317,-1.0692834252,0.0008290739
2.0731707317,-1.0002973978,0.0010114982
2.0731707317,-0.9313113703,0.0012044185
2.0731707317,-0.8623253429,0.0033180182
2.0731707317,-0.7933393155,0.0415609299
2.0731707317,-0.7243532880,0.0715348877
2.0731707317,-0.6553672606,0.0980073730
2.0731707317,-0.5863812332,0.1216821164
2.0731707317,-0.5173952057,0.1426497028
2.0731707317,-0.4484091783,0.1609324205
2.0731707317,-0.3794231509,0.1765534740
2.0731707317,-0.3104371234,0.1895365372
2.0731707317,-0.2414510960,0.1999015497
2.0731707317,-0.1724650686,0.2076634988
2.0731707317,-0.1034790411,0.2128327746
2.0731707317,-0.0344930137,0.2154158592
2.0731707317,0.0344930137,0.2154158592
2.0731707317,0.1034790411,0.2128327746
2.0731707317,0.1724650686,0.2076634988
2.0731707317,0.2414510960,0.1999015497
2.0731707317,0.3104371234,0.1895365372
2.0731707317,0.3794231509,0.1765534740
2.0731707317,0.4484091783,0.1609324205
2.0731707317,0.5173952057,0.1426497028
2.0731707317,0.5863812332,0.1216821164
2.0731707317,0.6553672606,0.0980073730
2.0731707317,0.7243532880,0.0715348877
2.0731707317,0.7933393155,0.0415609299
2.0731707317,0.8623253429,0.0033180182
2.0731707317,0.9313113703,0.0012044185
2.0731707317,1.0002973978,0.0010114982
2.0731707317,1.0692834252,0.0008290739
2.0731707317,1.1382694526,0.0006545160
2.0731707317,1.2072554801,0.0004858278
2.0731707317,1.2762415075,0.0003214717
2.0731707317,1.3452275349,0.0001600096
2.1219512195,-1.3452275349,0.0001626222
2.1219512195,-1.2762415075,0.0003268108
2.1219512195,-1.2072554801,0.0004941012
2.1219512195,-1.1382694526,0.0006659511
2.1219512195,-1.0692834252,0.0008437463
2.1219512195,-1.0002973978,0.0010292472
2.1219512195,-0.9313113703,0.0012227918
2.1219512195,-0.8623253429,0.0223131412
2.1219512195,-0.7933393155,0.0529014874
2.1219512195,-0.7243532880,0.0809871185
2.1219512195,-0.6553672606,0.1061895855
2.1219512195,-0.5863812332,0.1287148148
2.1219512195,-0.5173952057,0.1486497429
2.1219512195,-0.4484091783,0.1660308672
2.1219512195,-0.3794231509,0.1808833463
2.1219512195,-0.3104371234,0.1932287078
2.1219512195,-0.2414510960,0.2030848476
2.1219512195,-0.1724650686,0.2104656041
2.1219512195,-0.1034790411,0.2153808743
2.1219512195,-0.0344930137,0.2178369756
2.1219512195,0.0344930137,0.2178369756
2.1219512195,0.1034790411,0.2153808743
2.1219512195,0.1724650686,0.2104656041
2.1219512195,0.2414510960,0.2030848476
2.1219512195,0.3104371234,0.1932287078
2.1219512195,0.3794231509,0.1808833463
2.1219512195,0.4484091783,0.1660308672
2.1219512195,0.5173952057,0.1486497429
2.1219512195,0.5863812332,0.1287148148
2.1219512195,0.6553672606,0.1061895855
2.1219512195,0.7243532880,0.0809871185
2.1219512195,0.7933393155,0.0529014874
2.1219512195,0.8623253429,0.0223131412
2.1219512195,0.9313113703,0.0012227918
2.1219512195,1.0002973978,0.0010292472
2.1219512195,1.0692834252,0.0008437463
2.1219512195,1.1382694526,0.0006659511
2.1219512195,1.2072554801,0.0004941012
2.1219512195,1.2762415075,0.0003268108
2.1219512195,1.3452275349,0.0001626222
2.1707317073,-1.3452275349,0.0001644516
2.1707317073,-1.2762415075,0.0003305989
2.1707317073,-1.2072554801,0.0005000949
2.1707317073,-1.1382694526,0.0006744135
2.1707317073,-1.0692834252,0.0008545658
2.1707317073,-1.0002973978,0.0010429743
2.1707317073,-0.9313113703,0.0014402122
2.1707317073,-0.8623253429,0.0341797298
2.1707317073,-0.7933393155,0.0631138664
2.1707317073,-0.7243532880,0.0895013953
2.1707317073,-0.6553672606,0.1133308808
2.1707317073,-0.5863812332,0.1346631279
2.1707317073,-0.5173952057,0.1535471489
2.1707317073,-0.4484091783,0.1700141005
2.1707317073,-0.3794231509,0.1840872414
2.1707317073,-0.3104371234,0.1957859534
2.1707317073,-0.2414510960,0.2051263012
2.1707317073,-0.1724650686,0.2121209165
2.1707317073,-0.1034790411,0.2167790226
2.1707317073,-0.0344930137,0.2191066066
2.1707317073,0.0344930137,0.2191066066
2.1707317073,0.1034790411,0.2167790226
2.1707317073,0.1724650686,0.2121209165
2.1707317073,0.2414510960,0.2051263012
2.1707317073,0.3104371234,0.1957859534
2.1707317073,0.3794231509,0.1840872414
2.1707317073,0.4484091783,0.1700141005
2.1707317073,0.5173952057,0.1535471489
2.1707317073,0.5863812332,0.1346631279
2.1707317073,0.6553672606,0.1133308808
2.1707317073,0.7243532880,0.0895013953
2.1707317073,0.7933393155,0.0631138664
2.1707317073,0.8623253429,0.0341797298
2.1707317073,0.9313113703,0.0014402122
2.1707317073,1.0002973978,0.0010429743
2.1707317073,1.0692834252,0.0008545658
2.1707317073,1.1382694526,0.0006744135
2.1707317073,1.2072554801,0.0005000949
2.1707317073,1.2762415075,0.0003305989
2.1707317073,1.3452275349,0.0001644516
2.2195121951,-1.3452275349,0.0001654331
2.2195121951,-1.2762415075,0.0003327127
2.2195121951,-1.2072554801,0.0005036774
2.2195121951,-1.1382694526,0.0006799589
2.2195121951,-1.0692834252,0.0008612572
2.2195121951,-1.0002973978,0.0010315124
2.2195121951,-0.9313113703,0.0184492800
2.2195121951,-0.8623253429,0.0455694730
2.2195121951,-0.7933393155,0.0722200133
2.2195121951,-0.7243532880,0.0969151579
2.2195121951,-0.6553672606,0.1193412594
2.2195121951,-0.5863812332,0.1394560179
2.2195121951,-0.5173952057,0.1572735536
2.2195121951,-0.4484091783,0.1728147032
2.2195121951,-0.3794231509,0.1860988151
2.2195121951,-0.3104371234,0.1971428450
2.2195121951,-0.2414510960,0.2059610851
2.2195121951,-0.1724650686,0.2125649476
2.2195121951,-0.1034790411,0.2169628958
2.2195121951,-0.0344930137,0.2191604937
2.2195121951,0.0344930137,0.2191604937
2.2195121951,0.1034790411,0.2169628958
2.2195121951,0.1724650686,0.2125649476
2.2195121951,0.2414510960,0.2059610851
2.2195121951,0.3104371234,0.1971428450
2.2195121951,0.3794231509,0.1860988151
2.2195121951,0.4484091783,0.1728147032
2.2195121951,0.5173952057,0.1572735536
2.2195121951,0.5863812332,0.1394560179
2.2195121951,0.6553672606,0.1193412594
2.2195121951,0.7243532880,0.0969151579
2.2195121951,0.7933393155,0.0722200133
2.2195121951,0.8623253429,0.0455694730
2.2195121951,0.9313113703,0.0184492800
2.2195121951,1.0002973978,0.0010315124
2.2195121951,1.0692834252,0.0008612572
2.2195121951,1.1382694526,0.0006799589
2.2195121951,1.2072554801,0.0005036774
2.2195121951,1.2762415075,0.0003327127
2.2195121951,1.3452275349,0.0001654331
2.2682926829,-1.3452275349,0.0001654914
2.2682926829,-1.2762415075,0.0003329841
2.2682926829,-1.2072554801,0.0005046013
2.2682926829,-1.1382694526,0.0006829961
2.2682926829,-1.0692834252,0.0008734701
2.2682926829,-1.0002973978,0.0010987788
2.2682926829,-0.9313113703,0.0282275991
2.2682926829,-0.8623253429,0.0548145065
2.2682926829,-0.7933393155,0.0799243221
2.2682926829,-0.7243532880,0.1030839059
2.2682926829,-0.6553672606,0.1241277735
2.2682926829,-0.5863812332,0.1430179834
2.2682926829,-0.5173952057,0.1597586155
2.2682926829,-0.4484091783,0.1743642888
2.2682926829,-0.3794231509,0.1868508936
2.2682926829,-0.3104371234,0.1972330957
2.2682926829,-0.2414510960,0.2055235217
2.2682926829,-0.1724650686,0.2117323998
2.2682926829,-0.1034790411,0.2158674081
2.2682926829,-0.0344930137,0.2179336437
2.2682926829,0.0344930137,0.2179336437
2.2682926829,0.1034790411,0.2158674081
2.2682926829,0.1724650686,0.2117323998
2.2682926829,0.2414510960,0.2055235217
2.2682926829,0.3104371234,0.1972330957
2.2682926829,0.3794231509,0.1868508936
2.2682926829,0.4484091783,0.1743642888
2.2682926829,0.5173952057,0.1597586155
2.2682926829,0.5863812332,0.1430179834
2.2682926829,0.6553672606,0.1241277735
2.2682926829,0.7243532880,0.1030839059
2.2682926829,0.7933393155,0.0799243221
2.2682926829,0.8623253429,0.0548145065
2.2682926829,0.9313113703,0.0282275991
2.2682926829,1.0002973978,0.0010987788
2.2682926829,1.0692834252,0.0008734701
2.2682926829,1.1382694526,0.0006829961
2.2682926829,1.2072554801,0.0005046013
2.2682926829,1.2762415075,0.0003329841
2.2682926829,1.3452275349,0.0001654914
2.3170731707,-1.3452275349,0.0001645491
2.3170731707,-1.2762415075,0.0003311931
2.3170731707,-1.2072554801,0.0005021365
2.3170731707,-1.1382694526,0.0006799937
2.3170731707,-1.0692834252,0.0008682656
2.3170731707,-1.0002973978,0.0024475570
2.3170731707,-0.9313113703,0.0358973387
2.3170731707,-0.8623253429,0.0624185498
2.3170731707,-0.7933393155,0.0862242109
2.3170731707,-0.7243532880,0.1079309761
2.3170731707,-0.6553672606,0.1276115804
2.3170731707,-0.5863812332,0.1452752017
2.3170731707,-0.5173952057,0.1609316207
2.3170731707,-0.4484091783,0.1745938727
2.3170731707,-0.3794231509,0.1862756375
2.3170731707,-0.3104371234,0.1959896983
2.3170731707,-0.2414510960,0.2037471963
2.3170731707,-0.1724650686,0.2095572510
2.3170731707,-0.1034790411,0.2134267708
2.3170731707,-0.0344930137,0.2153603756
2.3170731707,0.0344930137,0.2153603756
2.3170731707,0.1034790411,0.2134267708
2.3170731707,0.1724650686,0.2095572510
2.3170731707,0.2414510960,0.2037471963
2.3170731707,0.3104371234,0.1959896983
2.3170731707,0.3794231509,0.1862756375
2.3170731707,0.4484091783,0.1745938727
2.3170731707,0.5173952057,0.1609316207
2.3170731707,0.5863812332,0.1452752017
2.3170731707,0.6553672606,0.1276115804
2.3170731707,0.7243532880,0.1079309761
2.3170731707,0.7933393155,0.0862242109
2.3170731707,0.8623253429,0.0624185498
2.3170731707,0.9313113703,0.0358973387
2.3170731707,1.0002973978,0.0024475570
2.3170731707,1.0692834252,0.0008682656
2.3170731707,1.1382694526,0.0006799937
2.3170731707,1.2072554801,0.0005021365
2.3170731707,1.2762415075,0.0003311931
2.3170731707,1.3452275349,0.0001645491
2.3658536585,-1.3452275349,0.0001625593
2.3658536585,-1.2762415075,0.0003272523
2.3658536585,-1.2072554801,0.0004962148
2.3658536585,-1.1382694526,0.0006717839
2.3658536585,-1.0692834252,0.0008527652
2.3658536585,-1.0002973978,0.0184623507
2.3658536585,-0.9313113703,0.0446518276
2.3658536585,-0.8623253429,0.0690008321
2.3658536585,-0.7933393155,0.0911940117
2.3658536585,-0.7243532880,0.1114115907
2.3658536585,-0.6553672606,0.1297243427
2.3658536585,-0.5863812332,0.1461564852
2.3658536585,-0.5173952057,0.1607221734
2.3658536585,-0.4484091783,0.1734341642
2.3658536585,-0.3794231509,0.1843046974
2.3658536585,-0.3104371234,0.1933450463
2.3658536585,-0.2414510960,0.2005650566
2.3658536585,-0.1724650686,0.2059728335
2.3658536585,-0.1034790411,0.2095745550
2.3658536585,-0.0344930137,0.2113743739
2.3658536585,0.0344930137,0.2113743739
2.3658536585,0.1034790411,0.2095745550
2.3658536585,0.1724650686,0.2059728335
2.3658536585,0.2414510960,0.2005650566
2.3658536585,0.3104371234,0.1933450463
2.3658536585,0.3794231509,0.1843046974
2.3658536585,0.4484091783,0.1734341642
2.3658536585,0.5173952057,0.1607221734
2.3658536585,0.5863812332,0.1461564852
2.3658536585,0.6553672606,0.1297243427
2.3658536585,0.7243532880,0.1114115907
2.3658536585,0.7933393155,0.0911940117
2.3658536585,0.8623253429,0.0690008321
2.3658536585,0.9313113703,0.0446518276
2.3658536585,1.0002973978,0.0184623507
2.3658536585,1.0692834252,0.0008527652
2.3658536585,1.1382694526,0.0006717839
2.3658536585,1.2072554801,0.0004962148
2.3658536585,1.2762415075,0.0003272523
2.3658536585,1.3452275349,0.0001625593
2.4146341463,-1.3452275349,0.0001595027
2.4146341463,-1.2762415075,0.0003211769
2.4146341463,-1.2072554801,0.0004869898
2.4146341463,-1.1382694526,0.0006608680
2.4146341463,-1.0692834252,0.0009721441
2.4146341463,-1.0002973978,0.0278076627
2.4146341463,-0.9313113703,0.0519470167
2.4146341463,-0.8623253429,0.0742814908
2.4146341463,-0.7933393155,0.0947720768
2.4146341463,-0.7243532880,0.1134650829
2.4146341463,-0.6553672606,0.1303978739
2.4146341463,-0.5863812332,0.1455914599
2.4146341463,-0.5173952057,0.1590600389
2.4146341463,-0.4484091783,0.1708156484
2.4146341463,-0.3794231509,0.1808693135
2.4146341463,-0.3104371234,0.1892310277
2.4146341463,-0.2414510960,0.1959094977
2.4146341463,-0.1724650686,0.2009119078
2.4146341463,-0.1034790411,0.2042437546
2.4146341463,-0.0344930137,0.2059087455
2.4146341463,0.0344930137,0.2059087455
2.4146341463,0.1034790411,0.2042437546
2.4146341463,0.1724650686,0.2009119078
2.4146341463,0.2414510960,0.1959094977
2.4146341463,0.3104371234,0.1892310277
2.4146341463,0.3794231509,0.1808693135
2.4146341463,0.4484091783,0.1708156484
2.4146341463,0.5173952057,0.1590600389
2.4146341463,0.5863812332,0.1455914599
2.4146341463,0.6553672606,0.1303978739
2.4146341463,0.7243532880,0.1134650829
2.4146341463,0.7933393155,0.0947720768
2.4146341463,0.8623253429,0.0742814908
2.4146341463,0.9313113703,0.0519470167
2.4146341463,1.0002973978,0.0278076627
2.4146341463,1.0692834252,0.0009721441
2.4146341463,1.1382694526,0.0006608680
2.4146341463,1.2072554801,0.0004869898
2.4146341463,1.2762415075,0.0003211769
2.4146341463,1.3452275349,0.0001595027
2.4634146341,-1.3452275349,0.0001553604
2.4634146341,-1.2762415075,0.0003130320
2.4634146341,-1.2072554801,0.0004737321
2.4634146341,-1.1382694526,0.0006263453
2.4634146341,-1.0692834252,0.0143924085
2.4634146341,-1.0002973978,0.0361215209
2.4634146341,-0.9313113703,0.0577651097
2.4634146341,-0.8623253429,0.0781045577
2.4634146341,-0.7933393155,0.0968693957
2.4634146341,-0.7243532880,0.1140191467
2.4634146341,-0.6553672606,0.1295614716
2.4634146341,-0.5863812332,0.1435094021
2.4634146341,-0.5173952057,0.1558748530
2.4634146341,-0.4484091783,0.1666685689
2.4634146341,-0.3794231509,0.1759003690
2.4634146341,-0.3104371234,0.1835790952
2.4634146341,-0.2414510960,0.1897124326
2.4634146341,-0.1724650686,0.1943067278
2.4634146341,-0.1034790411,0.1973668461
2.4634146341,-0.0344930137,0.1988960767
2.4634146341,0.0344930137,0.1988960767
2.4634146341,0.1034790411,0.1973668461
2.4634146341,0.1724650686,0.1943067278
2.4634146341,0.2414510960,0.1897124326
2.4634146341,0.3104371234,0.1835790952
2.4634146341,0.3794231509,0.1759003690
2.4634146341,0.4484091783,0.1666685689
2.4634146341,0.5173952057,0.1558748530
2.4634146341,0.5863812332,0.1435094021
2.4634146341,0.6553672606,0.1295614716
2.4634146341,0.7243532880,0.1140191467
2.4634146341,0.7933393155,0.0968693957
2.4634146341,0.8623253429,0.0781045577
2.4634146341,0.9313113703,0.0577651097
2.4634146341,1.0002973978,0.0361215209
2.4634146341,1.0692834252,0.0143924085
2.4634146341,1.1382694526,0.0006263453
2.4634146341,1.2072554801,0.0004737321
2.4634146341,1.2762415075,0.0003130320
2.4634146341,1.3452275349,0.0001553604
2.5121951220,-1.3452275349,0.0001500624
2.5121951220,-1.2762415075,0.0003033730
2.5121951220,-1.2072554801,0.0004645179
2.5121951220,-1.1382694526,0.0006461274
2.5121951220,-1.0692834252,0.0214516122
2.5121951220,-1.0002973978,0.0420986051
2.5121951220,-0.9313113703,0.0618557370
2.5121951220,-0.8623253429,0.0803353937
2.5121951220,-0.7933393155,0.0973947221
2.5121951220,-0.7243532880,0.1129973876
2.5121951220,-0.6553672606,0.1271427304
2.5121951220,-0.5863812332,0.1398390481
2.5121951220,-0.5173952057,0.1510959988
2.5121951220,-0.4484091783,0.1609229113
2.5121951220,-0.3794231509,0.1693284255
2.5121951220,-0.3104371234,0.1763203210
2.5121951220,-0.2414510960,0.1819053528
2.5121951220,-0.1724650686,0.1860891002
2.5121951220,-0.1034790411,0.1888758455
2.5121951220,-0.0344930137,0.1902684871
2.5121951220,0.0344930137,0.1902684871
2.5121951220,0.1034790411,0.1888758455
2.5121951220,0.1724650686,0.1860891002
2.5121951220,0.2414510960,0.1819053528
2.5121951220,0.3104371234,0.1763203210
2.5121951220,0.3794231509,0.1693284255
2.5121951220,0.4484091783,0.1609229113
2.5121951220,0.5173952057,0.1510959988
2.5121951220,0.5863812332,0.1398390481
2.5121951220,0.6553672606,0.1271427304
2.5121951220,0.7243532880,0.1129973876
2.5121951220,0.7933393155,0.0973947221
2.5121951220,0.8623253429,0.0803353937
2.5121951220,0.9313113703,0.0618557370
2.5121951220,1.0002973978,0.0420986051
2.5121951220,1.0692834252,0.0214516122
2.5121951220,1.1382694526,0.0006461274
2.5121951220,1.2072554801,0.0004645179
2.5121951220,1.2762415075,0.0003033730
2.5121951220,1.3452275349,0.0001500624
2.5609756098,-1.3452275349,0.0001431405
2.5609756098,-1.2762415075,0.0002897966
2.5609756098,-1.2072554801,0.0004450715
2.5609756098,-1.1382694526,0.0010449080
2.5609756098,-1.0692834252,0.0262105260
2.5609756098,-1.0002973978,0.0461410836
2.5609756098,-0.9313113703,0.0642055661
2.5609756098,-0.8623253429,0.0808968578
2.5609756098,-0.7933393155,0.0962688440
2.5609756098,-0.7243532880,0.1103247539
2.5609756098,-0.6553672606,0.1230689657
2.5609756098,-0.5863812332,0.1345088416
2.5609756098,-0.5173952057,0.1446526276
2.5609756098,-0.4484091783,0.1535084168
2.5609756098,-0.3794231509,0.1610837555
2.5609756098,-0.3104371234,0.1673854427
2.5609756098,-0.2414510960,0.1724193791
2.5609756098,-0.1724650686,0.1761904377
2.5609756098,-0.1034790411,0.1787023606
2.5609756098,-0.0344930137,0.1799576825
2.5609756098,0.0344930137,0.1799576825
2.5609756098,0.1034790411,0.1787023606
2.5609756098,0.1724650686,0.1761904377
2.5609756098,0.2414510960,0.1724193791
2.5609756098,0.3104371234,0.1673854427
2.5609756098,0.3794231509,0.1610837555
2.5609756098,0.4484091783,0.1535084168
2.5609756098,0.5173952057,0.1446526276
2.5609756098,0.5863812332,0.1345088416
2.5609756098,0.6553672606,0.1230689657
2.5609756098,0.7243532880,0.1103247539
2.5609756098,0.7933393155,0.0962688440
2.5609756098,0.8623253429,0.0808968578
2.5609756098,0.9313113703,0.0642055661
2.5609756098,1.0002973978,0.0461410836
2.5609756098,1.0692834252,0.0262105260
2.5609756098,1.1382694526,0.0010449080
2.5609756098,1.2072554801,0.0004450715
2.5609756098,1.2762415075,0.0002897966
2.5609756098,1.3452275349,0.0001431405
2.6097560976,-1.3452275349,0.0001344606
2.6097560976,-1.2762415075,0.0002719110
2.6097560976,-1.2072554801,0.0004096968
2.6097560976,-1.1382694526,0.0124620778
2.6097560976,-1.0692834252,0.0312074339
2.6097560976,-1.0002973978,0.0487370637
2.6097560976,-0.9313113703,0.0648624546
2.6097560976,-0.8623253429,0.0797384385
2.6097560976,-0.7933393155,0.0934214681
2.6097560976,-0.7243532880,0.1059284333
2.6097560976,-0.6553672606,0.1172678329
2.6097560976,-0.5863812332,0.1274471442
2.6097560976,-0.5173952057,0.1364737188
2.6097560976,-0.4484091783,0.1443546116
2.6097560976,-0.3794231509,0.1510963751
2.6097560976,-0.3104371234,0.1567049038
2.6097560976,-0.2414510960,0.1611853082
2.6097560976,-0.1724650686,0.1645418072
2.6097560976,-0.1034790411,0.1667776402
2.6097560976,-0.0344930137,0.1678950027
2.6097560976,0.0344930137,0.1678950027
2.6097560976,0.1034790411,0.1667776402
2.6097560976,0.1724650686,0.1645418072
2.6097560976,0.2414510960,0.1611853082
2.6097560976,0.3104371234,0.1567049038
2.6097560976,0.3794231509,0.1510963751
2.6097560976,0.4484091783,0.1443546116
2.6097560976,0.5173952057,0.1364737188
2.6097560976,0.5863812332,0.1274471442
2.6097560976,0.6553672606,0.1172678329
2.6097560976,0.7243532880,0.1059284333
2.6097560976,0.7933393155,0.0934214681
2.6097560976,0.8623253429,0.0797384385
2.6097560976,0.9313113703,0.0648624546
2.6097560976,1.0002973978,0.0487370637
2.6097560976,1.0692834252,0.0312074339
2.6097560976,1.1382694526,0.0124620778
2.6097560976,1.2072554801,0.0004096968
2.6097560976,1.2762415075,0.0002719110
2.6097560976,1.3452275349,0.0001344606
2.6585365854,-1.3452275349,0.0001242858
2.6585365854,-1.2762415075,0.0002538576
2.6585365854,-1.2072554801,0.0004382939
2.6585365854,-1.1382694526,0.0181532240
2.6585365854,-1.0692834252,0.0344326690
2.6585365854,-1.0002973978,0.0496556273
2.6585365854,-0.9313113703,0.0637645105
2.6585365854,-0.8623253429,0.0767969605
2.6585365854,-0.7933393155,0.0887825884
2.6585365854,-0.7243532880,0.0997363594
2.6585365854,-0.6553672606,0.1096672083
2.6585365854,-0.5863812332,0.1185822791
2.6585365854,-0.5173952057,0.1264881148
2.6585365854,-0.4484091783,0.1333908352
2.6585365854,-0.3794231509,0.1392960761
2.6585365854,-0.3104371234,0.1442088911
2.6585365854,-0.2414510960,0.1481336542
2.6585365854,-0.1724650686,0.1510739735
2.6585365854,-0.1034790411,0.1530326192
2.6585365854,-0.0344930137,0.1540114682
2.6585365854,0.0344930137,0.1540114682
2.6585365854,0.1034790411,0.1530326192
2.6585365854,0.1724650686,0.1510739735
2.6585365854,0.2414510960,0.1481336542
2.6585365854,0.3104371234,0.1442088911
2.6585365854,0.3794231509,0.1392960761
2.6585365854,0.4484091783,0.1333908352
2.6585365854,0.5173952057,0.1264881148
2.6585365854,0.5863812332,0.1185822791
2.6585365854,0.6553672606,0.1096672083
2.6585365854,0.7243532880,0.0997363594
2.6585365854,0.7933393155,0.0887825884
2.6585365854,0.8623253429,0.0767969605
2.6585365854,0.9313113703,0.0637645105
2.6585365854,1.0002973978,0.0496556273
2.6585365854,1.0692834252,0.0344326690
2.6585365854,1.1382694526,0.0181532240
2.6585365854,1.2072554801,0.0004382939
2.6585365854,1.2762415075,0.0002538576
2.6585365854,1.3452275349,0.0001242858
2.7073170732,-1.3452275349,0.0001114681
2.7073170732,-1.2762415075,0.0002174177
2.7073170732,-1.2072554801,0.0086845407
2.7073170732,-1.1382694526,0.0221825767
2.7073170732,-1.0692834252,0.0358066116
2.7073170732,-1.0002973978,0.0487516925
2.7073170732,-0.9313113703,0.0608252470
2.7073170732,-0.8623253429,0.0719993577
2.7073170732,-0.7933393155,0.0822801011
2.7073170732,-0.7243532880,0.0916762107
2.7073170732,-0.6553672606,0.1001949369
2.7073170732,-0.5863812332,0.1078424955
2.7073170732,-0.5173952057,0.1146245325
2.7073170732,-0.4484091783,0.1205462625
2.7073170732,-0.3794231509,0.1256124541
2.7073170732,-0.3104371234,0.1298273682
2.7073170732,-0.2414510960,0.1331946860
2.7073170732,-0.1724650686,0.1357174408
2.7073170732,-0.1034790411,0.1373979605
2.7073170732,-0.0344930137,0.1382378222
2.7073170732,0.0344930137,0.1382378222
2.7073170732,0.1034790411,0.1373979605
2.7073170732,0.1724650686,0.1357174408
2.7073170732,0.2414510960,0.1331946860
2.7073170732,0.3104371234,0.1298273682
2.7073170732,0.3794231509,0.1256124541
2.7073170732,0.4484091783,0.1205462625
2.7073170732,0.5173952057,0.1146245325
2.7073170732,0.5863812332,0.1078424955
2.7073170732,0.6553672606,0.1001949369
2.7073170732,0.7243532880,0.0916762107
2.7073170732,0.7933393155,0.0822801011
2.7073170732,0.8623253429,0.0719993577
2.7073170732,0.9313113703,0.0608252470
2.7073170732,1.0002973978,0.0487516925
2.7073170732,1.0692834252,0.0358066116
2.7073170732,1.1382694526,0.0221825767
2.7073170732,1.2072554801,0.0086845407
2.7073170732,1.2762415075,0.0002174177
2.7073170732,1.3452275349,0.0001114681
2.7560975610,-1.3452275349,0.0001014095
2.7560975610,-1.2762415075,0.0002090338
2.7560975610,-1.2072554801,0.0120357950
2.7560975610,-1.1382694526,0.0237693940
2.7560975610,-1.0692834252,0.0351404950
2.7560975610,-1.0002973978,0.0459039850
2.7560975610,-0.9313113703,0.0559561694
2.7560975610,-0.8623253429,0.0652689024
2.7560975610,-0.7933393155,0.0738403949
2.7560975610,-0.7243532880,0.0816752175
2.7560975610,-0.6553672606,0.0887787132
2.7560975610,-0.5863812332,0.0951559367
2.7560975610,-0.5173952057,0.1008115678
2.7560975610,-0.4484091783,0.1057499230
2.7560975610,-0.3794231509,0.1099749349
2.7560975610,-0.3104371234,0.1134901076
2.7560975610,-0.2414510960,0.1162984633
2.7560975610,-0.1724650686,0.1184024896
2.7560975610,-0.1034790411,0.1198040947
2.7560975610,-0.0344930137,0.1205045711
2.7560975610,0.0344930137,0.1205045711
2.7560975610,0.1034790411,0.1198040947
2.7560975610,0.1724650686,0.1184024896
2.7560975610,0.2414510960,0.1162984633
2.7560975610,0.3104371234,0.1134901076
2.7560975610,0.3794231509,0.1099749349
2.7560975610,0.4484091783,0.1057499230
2.7560975610,0.5173952057,0.1008115678
2.7560975610,0.5863812332,0.0951559367
2.7560975610,0.6553672606,0.0887787132
2.7560975610,0.7243532880,0.0816752175
2.7560975610,0.7933393155,0.0738403949
2.7560975610,0.8623253429,0.0652689024
2.7560975610,0.9313113703,0.0559561694
2.7560975610,1.0002973978,0.0459039850
2.7560975610,1.0692834252,0.0351404950
2.7560975610,1.1382694526,0.0237693940
2.7560975610,1.2072554801,0.0120357950
2.7560975610,1.2762415075,0.0002090338
2.7560975610,1.3452275349,0.0001014095
2.8048780488,-1.3452275349,0.0000882435
2.8048780488,-1.2762415075,0.0002778833
2.8048780488,-1.2072554801,0.0130540945
2.8048780488,-1.1382694526,0.0231579242
2.8048780488,-1.0692834252,0.0323986480
2.8048780488,-1.0002973978,0.0410323943
2.8048780488,-0.9313113703,0.0490772814
2.8048780488,-0.8623253429,0.0565295313
2.8048780488,-0.7933393155,0.0633894876
2.8048780488,-0.7243532880,0.0696603519
2.8048780488,-0.6553672606,0.0753460896
2.8048780488,-0.5863812332,0.0804506381
2.8048780488,-0.5173952057,0.0849777051
2.8048780488,-0.4484091783,0.0889307190
2.8048780488,-0.3794231509,0.0923127992
2.8048780488,-0.3104371234,0.0951267196
2.8048780488,-0.2414510960,0.0973748692
2.8048780488,-0.1724650686,0.0990592131
2.8048780488,-0.1034790411,0.1001812574
2.8048780488,-0.0344930137,0.1007420222
2.8048780488,0.0344930137,0.1007420222
2.8048780488,0.1034790411,0.1001812574
2.8048780488,0.1724650686,0.0990592131
2.8048780488,0.2414510960,0.0973748692
2.8048780488,0.3104371234,0.0951267196
2.8048780488,0.3794231509,0.0923127992
2.8048780488,0.4484091783,0.0889307190
2.8048780488,0.5173952057,0.0849777051
2.8048780488,0.5863812332,0.0804506381
2.8048780488,0.6553672606,0.0753460896
2.8048780488,0.7243532880,0.0696603519
2.8048780488,0.7933393155,0.0633894876
2.8048780488,0.8623253429,0.0565295313
2.8048780488,0.9313113703,0.0490772814
2.8048780488,1.0002973978,0.0410323943
2.8048780488,1.0692834252,0.0323986480
2.8048780488,1.1382694526,0.0231579242
2.8048780488,1.2072554801,0.0130540945
2.8048780488,1.2762415075,0.0002778833
2.8048780488,1.3452275349,0.0000882435
2.8536585366,-1.3452275349,0.0000649913
2.8536585366,-1.2762415075,0.0049028019
2.8536585366,-1.2072554801,0.0130290488
2.8536585366,-1.1382694526,0.0205984714
2.8536585366,-1.0692834252,0.0275807538
2.8536585366,-1.0002973978,0.0340756971
2.8536585366,-0.9313113703,0.0401151762
2.8536585366,-0.8623253429,0.0457067711
2.8536585366,-0.7933393155,0.0508535902
2.8536585366,-0.7243532880,0.0555585137
2.8536585366,-0.6553672606,0.0598245246
2.8536585366,-0.5863812332,0.0636545442
2.8536585366,-0.5173952057,0.0670513328
2.8536585366,-0.4484091783,0.0700174461
2.8536585366,-0.3794231509,0.0725552074
2.8536585366,-0.3104371234,0.0746666809
2.8536585366,-0.2414510960,0.0763536421
2.8536585366,-0.1724650686,0.0776175504
2.8536585366,-0.1034790411,0.0784595239
2.8536585366,-0.0344930137,0.0788803196
2.8536585366,0.0344930137,0.0788803196
2.8536585366,0.1034790411,0.0784595239
2.8536585366,0.1724650686,0.0776175504
2.8536585366,0.2414510960,0.0763536421
2.8536585366,0.3104371234,0.0746666809
2.8536585366,0.3794231509,0.0725552074
2.8536585366,0.4484091783,0.0700174461
2.8536585366,0.5173952057,0.0670513328
2.8536585366,0.5863812332,0.0636545442
2.8536585366,0.6553672606,0.0598245246
2.8536585366,0.7243532880,0.0555585137
2.8536585366,0.7933393155,0.0508535902
2.8536585366,0.8623253429,0.0457067711
2.8536585366,0.9313113703,0.0401151762
2.8536585366,1.0002973978,0.0340756971
2.8536585366,1.0692834252,0.0275807538
2.8536585366,1.1382694526,0.0205984714
2.8536585366,1.2072554801,0.0130290488
2.8536585366,1.2762415075,0.0049028019
2.8536585366,1.3452275349,0.0000649913
2.9024390244,-1.3452275349,0.0000598149
2.9024390244,-1.2762415075,0.0055039666
2.9024390244,-1.2072554801,0.0109028792
2.9024390244,-1.1382694526,0.0159530526
2.9024390244,-1.0692834252,0.0206269932
2.9024390244,-1.0002973978,0.0249671960
2.9024390244,-0.9313113703,0.0289974770
2.9024390244,-0.8623253429,0.0327268629
2.9024390244,-0.7933393155,0.0361591045
2.9024390244,-0.7243532880,0.0392965958
2.9024390244,-0.6553672606,0.0421414192
2.9024390244,-0.5863812332,0.0446955299
2.9024390244,-0.5173952057,0.0469607623
2.9024390244,-0.4484091783,0.0489388130
2.9024390244,-0.3794231509,0.0506312237
2.9024390244,-0.3104371234,0.0520393624
2.9024390244,-0.2414510960,0.0531644054
2.9024390244,-0.1724650686,0.0540073190
2.9024390244,-0.1034790411,0.0545688432
2.9024390244,-0.0344930137,0.0548494789
2.9024390244,0.0344930137,0.0548494789
2.9024390244,0.1034790411,0.0545688432
2.9024390244,0.1724650686,0.0540073190
2.9024390244,0.2414510960,0.0531644054
2.9024390244,0.3104371234,0.0520393624
2.9024390244,0.3794231509,0.0506312237
2.9024390244,0.4484091783,0.0489388130
2.9024390244,0.5173952057,0.0469607623
2.9024390244,0.5863812332,0.0446955299
2.9024390244,0.6553672606,0.0421414192
2.9024390244,0.7243532880,0.0392965958
2.9024390244,0.7933393155,0.0361591045
2.9024390244,0.8623253429,0.0327268629
2.9024390244,0.9313113703,0.0289974770
2.9024390244,1.0002973978,0.0249671960
2.9024390244,1.0692834252,0.0206269932
2.9024390244,1.1382694526,0.0159530526
2.9024390244,1.2072554801,0.0109028792
2.9024390244,1.2762415075,0.0055039666
2.9024390244,1.3452275349,0.0000598149
2.9512195122,-1.3452275349,0.0001507397
2.9512195122,-1.2762415075,0.0037482147
2.9512195122,-1.2072554801,0.0065715432
2.9512195122,-1.1382694526,0.0091162143
2.9512195122,-1.0692834252,0.0114605654
2.9512195122,-1.0002973978,0.0136341198
2.9512195122,-0.9313113703,0.0156506895
2.9512195122,-0.8623253429,0.0175159909
2.9512195122,-0.7933393155,0.0192324580
2.9512195122,-0.7243532880,0.0208014760
2.9512195122,-0.6553672606,0.0222241342
2.9512195122,-0.5863812332,0.0235014188
2.9512195122,-0.5173952057,0.0246342466
2.9512195122,-0.4484091783,0.0256234641
2.9512195122,-0.3794231509,0.0264698398
2.9512195122,-0.3104371234,0.0271740557
2.9512195122,-0.2414510960,0.0277366975
2.9512195122,-0.1724650686,0.0281582464
2.9512195122,-0.1034790411,0.0284390708
2.9512195122,-0.0344930137,0.0285794201
2.9512195122,0.0344930137,0.0285794201
2.9512195122,0.1034790411,0.0284390708
2.9512195122,0.1724650686,0.0281582464
2.9512195122,0.2414510960,0.0277366975
2.9512195122,0.3104371234,0.0271740557
2.9512195122,0.3794231509,0.0264698398
2.9512195122,0.4484091783,0.0256234641
2.9512195122,0.5173952057,0.0246342466
2.9512195122,0.5863812332,0.0235014188
2.9512195122,0.6553672606,0.0222241342
2.9512195122,0.7243532880,0.0208014760
2.9512195122,0.7933393155,0.0192324580
2.9512195122,0.8623253429,0.0175159909
2.9512195122,0.9313113703,0.0156506895
2.9512195122,1.0002973978,0.0136341198
2.9512195122,1.0692834252,0.0114605654
2.9512195122,1.1382694526,0.0091162143
2.9512195122,1.2072554801,0.0065715432
2.9512195122,1.2762415075,0.0037482147
2.9512195122,1.3452275349,0.0001507397
